group,n,rel_l2_mean,rmse_C,rmse_m,rmse_ppm,autoreg_rel_l2_6,risk_iou_all,risk_fnr_all
loc=T01,3,0.14625433725573456,5.651113735304938,1.3375255968835618,5.474546994103325,1.0206232743403059,0.8491339240354862,0.061353274469101195
loc=T02,3,0.12958385248428192,4.662536145581139,1.220660012960434,3.0548304074340398,0.7687756793354965,0.8940575883115788,0.061827862211536355
loc=T03,3,0.1474151061335757,5.8606989092297015,1.3636514226595562,4.3832177678744,1.1889276772211204,0.8870211522129025,0.05963793329992193
loc=T04,1,0.14097806635291305,2.962895369529724,1.1452414790789287,1.9748470465342203,1.0812157397833355,0.8629850434055015,0.061799988629256924
loc=T05,3,0.11931509582218203,7.470768955018786,1.503678305281533,4.8753091520733305,0.4829682119564703,0.9247763887202923,0.056435316979088775
hrr=500kW,6,0.14071216623082985,3.841889053583145,1.1968834476338495,2.677836904591984,1.0817376198677224,0.8654763868208896,0.06739125253486618
hrr=1000kW,4,0.13561320343532945,6.718208223581314,1.4246702710787456,5.544564473628997,0.7910808162423841,0.8956786607120645,0.05576038762075039
hrr=1500kW,3,0.12731914343797957,7.991360463036432,1.5139352407720352,5.6977602296405365,0.6034504280558805,0.9174597464908952,0.05072469460533435
ALL,13,0.13605255703386426,5.684480661917956,1.3401374994180142,4.256812308537655,0.881930789872578,0.8867655540958677,0.059966396116015515
