group,n,rel_l2_mean,rmse_C,rmse_m,rmse_ppm,autoreg_rel_l2_6,risk_iou_all,risk_fnr_all
loc=T01,3,0.16661250824136697,7.140270381503636,1.5994108491473729,9.077240864435831,0.7824746369699568,0.7819520959649408,0.038549857427643115
loc=T02,3,0.14763378863721213,5.293678318129646,1.5181171993414562,5.300531980726454,0.8077790470804778,0.8640528431686375,0.07900098284827667
loc=T03,3,0.1807137517584646,6.554853049914041,1.810315775871277,7.600035863452487,0.8451494830397697,0.8191972452822381,0.04345011176546273
loc=T04,1,0.14641438797202846,3.401415054003398,1.2915303190549214,3.4273207664489744,0.7500319386977671,0.8469945355191257,0.06589345613735857
loc=T05,3,0.13736631831382895,9.595357253816394,1.8603205402692158,8.860226228502063,0.8580312063618353,0.8750282965200208,0.1156544713721055
hrr=500kW,6,0.16161309918032127,4.506406059530046,1.4977681626876196,4.565131176842583,0.7949377700201098,0.808242230652941,0.07655613308243929
hrr=1000kW,4,0.1575424042815595,8.356942796707154,1.7581442693869271,9.613665755589803,0.8241812695157209,0.8437399193892228,0.05482560129633611
hrr=1500kW,3,0.14784842553882696,9.562561506695218,1.8789457864231534,10.031991831461589,0.8546611202901143,0.8810909722840333,0.07240684089928079
ALL,13,0.1571841145249728,6.857991697238041,1.6658479548417604,7.380109659830728,0.8177180814656835,0.8359758444866645,0.06891228664444789
