group,n,rel_l2_mean,rmse_C,rmse_m,rmse_ppm,autoreg_rel_l2_6,risk_iou_all,risk_fnr_all
loc=T01,3,0.14905720253689847,7.579529020521375,1.3535388900174035,5.539620937241448,0.7263946931830322,0.7612765269205175,0.04052999511830088
loc=T02,3,0.12563037692841086,4.812725922796461,1.2287067419952817,2.9977440118789676,0.7586711332232078,0.8691384159923442,0.07842700224294176
loc=T03,3,0.16264597023160104,7.022833813561334,1.5530921631389194,5.710033210118612,0.8204246409986243,0.8189345526043713,0.04396004634788322
loc=T04,1,0.12695870198583173,3.3372065862019857,1.0531743526458741,1.7169965902964275,0.6581603696985462,0.8301924619085806,0.05827505827505827
loc=T05,3,0.1173909906482793,9.717248842451308,1.5299285279379948,5.161576686965095,0.8122622245484542,0.8625410582147746,0.12777293412327762
hrr=500kW,6,0.14169554214644708,4.580781879689959,1.2437421464257767,2.678315206368764,0.7440374987230612,0.7934337865006184,0.07591749115858047
hrr=1000kW,4,0.13954013329194942,8.74501789410909,1.4819896280765534,6.3250669717788695,0.7756791956313702,0.8381477447516534,0.06253794314176579
hrr=1500kW,3,0.1275995123249736,9.423152176539103,1.5528539770179324,6.191254001193577,0.8148255568982177,0.8842234750314266,0.07489609075124092
ALL,13,0.13777940946318468,6.979555337245649,1.388382563224206,4.611070856069907,0.7701091111968079,0.8281433940849696,0.0715649993670976
